Tickersymbol,Security,SECfilings,GICSSector,GICSSubIndustry,AddressofHeadquarters,Datefirstadded,CIK,AccountsPayable,AccountsReceivable,Add'l income/expenseitems,AfterTaxROE,CapitalExpenditures,CapitalSurplus,CashRatio,CashandCashEquivalents,ChangesinInventories,CommonStocks,CostofRevenue,CurrentRatio,DeferredAssetCharges,DeferredLiabilityCharges,Depreciation,EarningsBeforeInterestandTax,EarningsBeforeTax,EffectofExchangeRate,EquityEarnings/LossUnconsolidatedSubsidiary,FixedAssets,Goodwill,GrossMargin,GrossProfit,IncomeTax,IntangibleAssets,InterestExpense,Inventory,Investments,Liabilities,Long-TermDebt,Long-TermInvestments,MinorityInterest,Misc.Stocks,NetBorrowings,NetCashFlow,NetCashFlow-Operating,NetCashFlows-Financing,NetCashFlows-Investing,NetIncome,NetIncomeAdjustments,NetIncomeApplicabletoCommonShareholders,NetIncome-Cont.Operations,NetReceivables,Non-RecurringItems,OperatingIncome,OperatingMargin,OtherAssets,OtherCurrentAssets,OtherCurrentLiabilities,OtherEquity,OtherFinancingActivities,OtherInvestingActivities,OtherLiabilities,OtherOperatingActivities,OtherOperatingItems,Pre-TaxMargin,Pre-TaxROE,ProfitMargin,QuickRatio,ResearchandDevelopment,RetainedEarnings,SaleandPurchaseofStock,"Sales,GeneralandAdmin.",Short-TermDebt /CurrentPortionofLong-TermDebt,Short-TermInvestments,TotalAssets,TotalCurrentAssets,TotalCurrentLiabilities,TotalEquity,TotalLiabilities,TotalLiabilities&Equity,TotalRevenue,TreasuryStock,EarningsPerShare,EstimatedSharesOutstanding,YOYReturns
ACN,Accenture plc,reports,Information Technology,IT Consulting & Other Services,"Dublin, Ireland",7/6/2011,1467373,0,0,0,0,0,0,0,0,0,0,0,0,0,0,0,0,0,0,0,0,0,0,0,0,0,0,0,0,0,0,0,0,0,0,0,0,0,0,0,0,0,0,0,0,0,0,0,0,0,0,0,0,0,0,0,0,0,0,0,0,0,0,0,0,0,0,0,0,0,0,0,0,0,0,0,0.1209
ATVI,Activision Blizzard,reports,Information Technology,Home Entertainment Software,"Santa Monica, California",8/31/2015,718877,909000000,-40000000,0,11,-111000000,10242000000,70,1823000000,-54000000,0,1585000000,130,275000000,10000000,501000000,1319000000,1121000000,-366000000,0,189000000,7095000000,66,3079000000,229000000,562000000,198000000,128000000,0,181000000,4079000000,9000000,0,0,-48000000,-3025000000,1192000000,-135000000,-3716000000,892000000,41000000,892000000,892000000,679000000,0,1319000000,28,3734000000,749000000,1702000000,-633000000,-83000000,-3605000000,483000000,-329000000,0,24,14,19,125,646000000,4096000000,106000000,1114000000,0,8000000,15251000000,3387000000,2611000000,8068000000,7183000000,15251000000,4664000000,-5637000000,1.21,737190082.6,-0.0671
ADBE,Adobe Systems Inc,reports,Information Technology,Application Software,"San Jose, California",5/5/1997,796343,779356000,-79502000,34870000,9,-184936000,4184883000,180,876560000,0,61000,744317000,218,0,259303000,339473000,937965000,873781000,-21297000,0,787421000,5366881000,84,4051194000,244230000,510007000,64184000,0,-535197000,350908000,1907231000,80439000,0,0,387091000,-240840000,1469502000,-200687000,-1488358000,629551000,236773000,629551000,629551000,672006000,1559000,903095000,19,159832000,161802000,1434200000,-169080000,0,-768225000,344802000,-7701000,68649000,18,12,13,218,862730000,7253431000,-647103000,2215161000,0,3111524000,11726472000,4821892000,2213556000,7001580000,4724892000,11726472000,4795511000,-4267715000,1.26,499643650.8,0.0959
AKAM,Akamai Technologies Inc,reports,Information Technology,Internet Software & Services,"Cambridge, Massachusetts",7/12/2007,1086222,278148000,-56247000,8999000,10,-311676000,4437420000,225,289473000,0,1772000,725620000,377,4700000,17051000,318088000,475149000,456624000,-10036000,0,753180000,1150244000,67,1471828000,135218000,156095000,18525000,0,153060000,54503000,624288000,774674000,0,0,0,50823000,764151000,-267728000,-435564000,321406000,107278000,321406000,321406000,380399000,767000,466150000,21,95844000,123228000,54292000,-41453000,-56214000,-276948000,93268000,19123000,27067000,21,15,15,377,148591000,-1276861000,-240815000,829253000,0,460088000,4187925000,1253188000,332440000,3120878000,1067047000,4187925000,2197448000,0,1.8,178558888.9,0.2669
ADS,Alliance Data Systems,reports,Information Technology,Data Processing & Outsourced Services,"Plano, Texas",12/23/2013,1101215,1010619000,8307000,0,30,-191683000,2981041000,25,1624601000,0,1121000,4482700000,254,617000,777420000,524467000,1261860000,931676000,-25309000,0,576706000,3814078000,30,1957046000,326248000,1203745000,330184000,0,-2899032000,98026000,10136018000,0,0,167377000,3009130000,90885000,1705841000,1772901000,-3362548000,596541000,638239000,596541000,596541000,14052456000,0,1261860000,20,576267000,573360000,3975291000,-137251000,-205928000,-271833000,2925426000,-168626000,492140000,14,46,9,254,0,3092464000,-1020923000,203046000,1419649000,0,22421830000,16250417000,6405559000,2010030000,20411800000,22421830000,6439746000,-3927345000,8.91,66951851.85,-0.1738
GOOGL,Alphabet Inc Class A,reports,Information Technology,Internet Software & Services,"Mountain View, California",4/3/2014,1652044,0,0,0,0,0,0,0,0,0,0,0,0,0,0,0,0,0,0,0,0,0,0,0,0,0,0,0,0,0,0,0,0,0,0,0,0,0,0,0,0,0,0,0,0,0,0,0,0,0,0,0,0,0,0,0,0,0,0,0,0,0,0,0,0,0,0,0,0,0,0,0,0,0,0,0,0.0185
GOOG,Alphabet Inc Class C,reports,Information Technology,Internet Software & Services,"Mountain View, California",1/0/1900,1652044,0,0,0,0,0,0,0,0,0,0,0,0,0,0,0,0,0,0,0,0,0,0,0,0,0,0,0,0,0,0,0,0,0,0,0,0,0,0,0,0,0,0,0,0,0,0,0,0,0,0,0,0,0,0,0,0,0,0,0,0,0,0,0,0,0,0,0,0,0,0,0,0,0,0,0,0.0170
APH,Amphenol Corp,reports,Information Technology,Electronic Components,"Wallingford, Connecticut",9/30/2008,820313,1008100000,-22300000,16400000,24,-172100000,783300000,175,1737200000,-5200000,300000,3789200000,382,0,0,171600000,1121100000,1052800000,-54800000,0,609500000,2692900000,32,1779500000,280500000,306000000,68300000,851800000,335900000,35400000,2813200000,0,39900000,0,153600000,768300000,1030500000,-180100000,-27300000,763500000,28000000,763500000,763500000,1104600000,5700000,1104700000,20,0,133200000,0,-349500000,0,-191100000,358400000,50700000,0,19,33,14,297,0,2804400000,-184500000,669100000,300000,23200000,7458400000,3850000000,1008400000,3238500000,4219900000,7458400000,5568700000,0,2.47,309109311.7,0.2866
ADI,"Analog Devices, Inc.",reports,Information Technology,Semiconductors,"Norwood, Massachusetts",1/0/1900,6281,438904000,-71198000,6303000,14,-153960000,634484000,272,884353000,-35557000,52011000,1175830000,366,57033000,251129000,222240000,837144000,810114000,-3950000,0,644110000,1636526000,66,2259262000,113236000,583517000,27030000,412314000,152175000,89394000,495341000,17482000,0,0,0,315120000,907798000,-571603000,-17125000,696878000,-1366000,696878000,696878000,595768000,0,830841000,24,40561000,42538000,300087000,-50851000,-1267000,-15340000,125763000,7407000,88318000,24,16,20,329,637459000,4437315000,-104322000,702644000,374594000,2144575000,7058777000,4079548000,1113585000,5072959000,1985818000,7058777000,3435092000,0,0.31,2247993548,0.3127
AAPL,Apple Inc.,reports,Information Technology,Computer Hardware,"Cupertino, California",11/30/1982,320193,60671000000,-3124000000,1285000000,45,-11247000000,0,52,21120000000,-238000000,27416000000,1.4E+11,111,0,3624000000,11257000000,72515000000,72515000000,0,0,22471000000,5116000000,40,93626000000,19121000000,3893000000,0,2349000000,-44417000000,15188000000,53329000000,1.64E+11,0,0,29305000000,7276000000,81266000000,-17716000000,-56274000000,53394000000,4968000000,53394000000,53394000000,30343000000,0,71230000000,30,5422000000,15085000000,8940000000,-345000000,-1499000000,-610000000,33427000000,-179000000,0,31,61,23,108,8067000000,92284000000,-34710000000,14329000000,10999000000,20481000000,2.9E+11,89378000000,80610000000,1.19E+11,1.71E+11,2.9E+11,2.34E+11,0E+00,9.28,5753663793,0.1003
AMAT,Applied Materials Inc,reports,Information Technology,Semiconductor Equipment,"Santa Clara, California",0,6951,1833000000,-61000000,8000000,18,-215000000,6575000000,131,4797000000,-266000000,11000000,5707000000,244,145000000,0,371000000,1701000000,1598000000,0,0,892000000,3302000000,41,3952000000,221000000,762000000,103000000,1833000000,-62000000,-334000000,3342000000,946000000,0,0,2581000000,1795000000,1163000000,913000000,-281000000,1377000000,50000000,1377000000,1377000000,1739000000,0,1693000000,18,0,724000000,765000000,-92000000,0,-4000000,555000000,26000000,0,17,21,14,196,1451000000,13967000000,-1237000000,808000000,1200000000,168000000,15308000000,9261000000,3798000000,7613000000,7695000000,15308000000,9659000000,-12848000000,1.13,1218584071,0.7284
ADSK,Autodesk Inc,reports,Information Technology,Application Software,"San Rafael, California",12/1/1989,769397,499300000,-17300000,0,4,-75500000,0,145,1410600000,0,1773100000,342100000,191,100000000,256300000,145900000,120700000,83000000,-5000000,0,159200000,1456200000,86,2170100000,1200000,86500000,37700000,0,-196100000,376000000,743100000,273000000,0,0,0,-442400000,708100000,-239900000,-905600000,81800000,165600000,81800000,81800000,544000000,3100000,120700000,5,163500000,100900000,900800000,-53300000,-43400000,-634000000,291000000,-43900000,39800000,3,4,3,191,725200000,499400000,-197000000,1281300000,0,615800000,4909700000,2671300000,1400100000,2219200000,2690500000,4909700000,2512200000,0,0.36,227222222.2,0.2146
ADP,Automatic Data Processing,reports,Information Technology,Internet Software & Services,"Roseland, New Jersey",3/31/1981,8670,0,0,0,0,0,0,0,0,0,0,0,0,0,0,0,0,0,0,0,0,0,0,0,0,0,0,0,0,0,0,0,0,0,0,0,0,0,0,0,0,0,0,0,0,0,0,0,0,0,0,0,0,0,0,0,0,0,0,0,0,0,0,0,0,0,0,0,0,0,0,0,0,0,0,0,0.2131
AVGO,Broadcom,reports,Information Technology,Semiconductors,"San Jose, California",5/8/2014,1441634,867000000,-187000000,26000000,29,-593000000,0,163,1822000000,62000000,2547000000,3271000000,336,0,0,984000000,1658000000,1467000000,0,0,1460000000,1674000000,52,3553000000,76000000,3277000000,191000000,524000000,-14000000,37000000,3826000000,0,0,0,-1817000000,218000000,2318000000,-1859000000,-241000000,1364000000,6000000,1364000000,1391000000,1019000000,137000000,1632000000,24,345000000,394000000,206000000,-73000000,0,366000000,856000000,52000000,249000000,21,31,20,289,1049000000,2240000000,241000000,486000000,46000000,0,10515000000,3759000000,1119000000,4714000000,5801000000,10515000000,6824000000,0,0,0,0.2178
CA,"CA, Inc.",reports,Information Technology,Systems Software,"Islandia, New York",7/31/1987,356028,0,0,0,0,0,0,0,0,0,0,0,0,0,0,0,0,0,0,0,0,0,0,0,0,0,0,0,0,0,0,0,0,0,0,0,0,0,0,0,0,0,0,0,0,0,0,0,0,0,0,0,0,0,0,0,0,0,0,0,0,0,0,0,0,0,0,0,0,0,0,0,0,0,0,0,0.1123
CSCO,Cisco Systems,reports,Information Technology,Networking Equipment,"San Jose, California",12/1/1993,858877,4215000000,-1047000000,997000000,15,-1227000000,0,258,6877000000,-116000000,43592000000,19480000000,313,4454000000,5359000000,2442000000,11767000000,11201000000,0,0,3332000000,24469000000,60,29681000000,2220000000,2376000000,566000000,1627000000,-8379000000,1497000000,21457000000,3858000000,9000000,0,4469000000,151000000,12552000000,-2313000000,-10088000000,8981000000,1165000000,8981000000,8981000000,9835000000,484000000,10770000000,22,1516000000,1490000000,15300000000,61000000,-14000000,-482000000,3438000000,-370000000,359000000,23,19,18,306,6207000000,16045000000,-2810000000,11861000000,3897000000,53539000000,1.13E+11,73368000000,23412000000,59698000000,53675000000,1.13E+11,49161000000,0,1.76,5102840909,0.1126
CTXS,Citrix Systems,reports,Information Technology,Internet Software & Services,"Fort Lauderdale, Florida",1/0/1900,877890,431215000,-7226000,5945000,16,-160825000,4566919000,52,368518000,703000,299000,614364000,100,215196000,414314000,428892000,356030000,311877000,-10313000,0,373817000,1962722000,81,2661230000,-7484000,283418000,44153000,10521000,205987000,229152000,1311071000,891964000,0,0,-7569000,108369000,1034548000,-691451000,-224415000,319361000,74273000,319361000,319361000,669276000,167548000,350085000,11,56449000,132784000,1249754000,-28527000,-46336000,-269577000,87717000,-10607000,41595000,10,16,10,100,563975000,3474625000,-643419000,1538027000,0,502852000,5467517000,1683951000,1680969000,1973446000,3494071000,5467517000,3275594000,-6039870000,2.01,158886069.7,0.1805
CTSH,Cognizant Technology Solutions,reports,Information Technology,IT Consulting & Other Services,"Teaneck, New Jersey",1/0/1900,1058290,1983700000,-322400000,39300000,17,-272800000,453000000,182,2125200000,0,6100000,7440200000,291,347800000,52600000,330000000,2181300000,2163600000,-19500000,0,1271400000,2404700000,40,4975800000,540000000,864300000,17700000,0,-1096100000,502200000,881200000,0,0,0,-353400000,115100000,2153300000,-648100000,-1370600000,1623600000,91000000,1623600000,1623600000,2621600000,0,2142000000,17,268600000,337500000,323700000,-106200000,0,-1700000,139800000,-71100000,325200000,17,23,13,291,0,8925200000,-328400000,2508600000,406300000,2824300000,13065400000,7908600000,2713700000,9278100000,3787300000,13065400000,12416000000,0,2.67,608089887.6,-0.1323
GLW,Corning Inc.,reports,Information Technology,Electronic Components,"Corning, New York",1/0/1900,24741,2242000000,162000000,5000000,7,-1250000000,13352000000,163,4500000000,-77000000,840000000,5458000000,294,2056000000,0,1184000000,1626000000,1486000000,-330000000,299000000,12648000000,1380000000,40,3653000000,147000000,706000000,140000000,1385000000,633000000,-146000000,3890000000,1975000000,75000000,0,1212000000,-809000000,2809000000,-2603000000,-685000000,1339000000,224000000,1339000000,1638000000,1372000000,0,1322000000,15,1493000000,912000000,0,-1811000000,0,-68000000,2960000000,123000000,54000000,16,8,15,245,769000000,13832000000,-3126000000,1508000000,572000000,100000000,28527000000,8269000000,2814000000,18788000000,9739000000,28527000000,9111000000,-9725000000,1.02,1312745098,0.3276
CSRA,CSRA Inc.,reports,Information Technology,IT Consulting & Other Services,"Falls Church, Virginia",12/1/2015,1646383,680696000,7996000,-5608000,25,-70183000,0,1,4979000,0,0,3282301000,113,0,153297000,146764000,450572000,428708000,0,0,436732000,802582000,19,787445000,160996000,68666000,21864000,0,0,3066000,129933000,0,27961000,0,-28902000,1000000,486938000,-369289000,-116649000,265835000,26618000,251757000,267712000,696727000,0,456180000,11,58931000,92665000,0,1067087000,0,-46466000,80957000,36659000,137058000,11,40,7,113,0,0,-340387000,194207000,21351000,0,2161282000,794371000,702047000,1067087000,1094195000,2161282000,4069746000,0,0,0,0.0613
EBAY,eBay Inc.,reports,Information Technology,Internet Software & Services,"San Jose, California",0,1065088,2157000000,-105000000,0,26,-668000000,14538000000,271,1832000000,0,2000000,1771000000,349,0,2092000000,687000000,2406000000,2406000000,-364000000,0,1554000000,4451000000,79,6821000000,459000000,90000000,0,0,37000000,-1000000,6749000000,3391000000,0,0,-850000000,-4496000000,4033000000,-4554000000,-3611000000,1725000000,571000000,1725000000,1947000000,619000000,0,2197000000,26,365000000,1154000000,106000000,526000000,-1850000000,-2980000000,75000000,0,41000000,28,37,20,349,923000000,7713000000,-1928000000,3660000000,0,4299000000,17755000000,7904000000,2263000000,6576000000,11179000000,17755000000,8592000000,-16203000000,1.43,1206293706,0.0804
EA,Electronic Arts,reports,Information Technology,Home Entertainment Software,"Redwood City, California",0,712515,862000000,-54000000,0,29,-95000000,2127000000,110,2068000000,19000000,3000000,1429000000,135,13000000,80000000,220000000,925000000,925000000,-56000000,0,459000000,1713000000,68,3086000000,50000000,111000000,0,36000000,-375000000,-222000000,31000000,0,0,0,0,286000000,1067000000,-255000000,-470000000,875000000,141000000,875000000,875000000,416000000,0,948000000,21,131000000,247000000,1283000000,2000000,0,0,253000000,88000000,14000000,20,30,19,134,1094000000,904000000,-277000000,1030000000,602000000,953000000,6147000000,3720000000,2747000000,3036000000,3111000000,6147000000,4515000000,0,2.81,311387900.4,0.1461
FFIV,F5 Networks,reports,Information Technology,Networking Equipment,"Seattle, Washington",12/20/2010,1048695,181215000,-38680000,8445000,28,-60307000,0,103,390460000,-9246000,10159000,332261000,157,6492000,210303000,52583000,561344000,561344000,-7982000,0,95909000,555965000,83,1587562000,196330000,0,0,33717000,56744000,186082000,0,397656000,0,0,0,116940000,684541000,-556902000,-10699000,365014000,134752000,365014000,365014000,329562000,0,552899000,29,68128000,50519000,573908000,-15288000,0,-7136000,30136000,-5964000,0,29,43,19,153,296583000,1321857000,-566419000,738080000,0,383882000,2312290000,1188140000,755123000,1316728000,995562000,2312290000,1919823000,0,5.07,71994871.79,0.4925
FB,Facebook,reports,Information Technology,Internet Software & Services,"Menlo Park, California",12/23/2013,1326801,1645000000,-973000000,0,8,-2523000000,34886000000,958,4907000000,0,0,2867000000,1125,0,0,1945000000,6194000000,6194000000,-155000000,0,5687000000,18026000000,84,15061000000,2506000000,3246000000,0,0,-6700000000,1904000000,107000000,0,0,0,-119000000,592000000,10320000000,-139000000,-9434000000,3669000000,3903000000,3669000000,3669000000,2559000000,0,6225000000,35,796000000,659000000,56000000,-455000000,-20000000,-211000000,3157000000,-147000000,0,35,14,20,1125,4816000000,9787000000,0,4020000000,224000000,13527000000,49407000000,21652000000,1925000000,44218000000,5189000000,49407000000,17928000000,0,1.31,2800763359,0.0992
FIS,Fidelity National Information Services,reports,Information Technology,Internet Software & Services,"Jacksonville, Florida",1/0/1900,1136893,1195600000,-102800000,136800000,7,-133300000,10209700000,29,687600000,0,4300000,4393200000,149,253000000,2688800000,680300000,1236000000,1036900000,-58800000,0,610700000,14744700000,33,2202000000,378800000,6742800000,199100000,0,0,91100000,11497800000,0,85800000,0,1655800000,194800000,1136900000,1014700000,-1898000000,650800000,-28300000,631500000,658100000,2190000000,0,1099200000,17,406200000,633800000,615300000,-279400000,-40900000,-1764700000,311500000,-154200000,0,16,11,10,149,0,3072900000,-263300000,1102800000,553000000,0,26268800000,3511400000,2363900000,9321000000,16947800000,26268800000,6595200000,-3686500000,2.22,293153153.2,0.2481
FSLR,First Solar Inc,reports,Information Technology,Semiconductors,"Tempe, Arizona",10/16/2009,1274494,836392000,-340292000,10146000,10,-166438000,2742795000,190,1126826000,113537000,102000,2659728000,348,357693000,0,257825000,526810000,519835000,-19272000,20430000,1391895000,84985000,26,919267000,-6156000,110002000,6975000,380424000,11088000,-34060000,251325000,417692000,0,0,139965000,-355228000,-360919000,137103000,-112140000,546421000,298000,546421000,546421000,561076000,16818000,516664000,14,1608478000,573806000,86318000,15480000,-20569000,43210000,555719000,-904648000,0,15,9,15,309,130593000,2790110000,0,255192000,38090000,703454000,7316331000,3345586000,960800000,5548487000,1767844000,7316331000,3578995000,0,5.42,100815682.7,-0.5137
FISV,Fiserv Inc,reports,Information Technology,Internet Software & Services,"Brookfield, Wisconsin",1/0/1900,798354,1024000000,-2000000,-85000000,27,-359000000,952000000,18,275000000,0,4000000,2909000000,100,0,726000000,417000000,1226000000,1057000000,0,32000000,396000000,5200000000,45,2345000000,377000000,1872000000,169000000,0,1000000,144000000,4288000000,0,0,0,414000000,-19000000,1346000000,-1005000000,-360000000,712000000,136000000,712000000,712000000,802000000,0,1311000000,25,366000000,429000000,473000000,-74000000,-6000000,-2000000,164000000,-61000000,0,20,40,14,100,0,8064000000,-1451000000,1034000000,5000000,0,9340000000,1506000000,1502000000,2660000000,6680000000,9340000000,5254000000,-6286000000,3.04,234210526.3,0.1620
FLIR,FLIR Systems,reports,Information Technology,Electronic Equipment & Instruments,"Wilsonville, Oregon",1/2/2009,354908,282731000,28258000,13768000,15,-68234000,0,81,472785000,-74816000,1374000,803506000,220,55429000,3623000,49534000,319532000,305446000,-33020000,0,272629000,596316000,48,753561000,63760000,141302000,14086000,393092000,0,16460000,93750000,0,0,0,-15000000,-58589000,275814000,-166538000,-134845000,241686000,17167000,241686000,241686000,326098000,1361000,305764000,20,53210000,95539000,37920000,-125126000,-24000,-66611000,74167000,-2475000,0,20,19,16,153,132892000,1773267000,-98358000,313544000,264694000,0,2406400000,1287514000,585345000,1649515000,756885000,2406400000,1557067000,0,1.73,139702890.2,0.2892
GPN,Global Payments Inc,reports,Information Technology,Data Processing & Outsourced Services,"Atlanta, Georgia",4/25/2016,1123360,326875000,-8069000,4949000,37,-92550000,148742000,22,650739000,0,0,1022107000,109,30428000,202855000,137505000,461546000,417110000,-56288000,0,374143000,1491833000,63,1751611000,107995000,560136000,44436000,0,0,-69513000,1678283000,0,105577000,0,546819000,68867000,424701000,141375000,-440921000,278040000,119714000,278040000,278040000,202938000,0,456597000,16,32846000,2436238000,2033900000,-185992000,0,-348371000,19422000,-64051000,0,15,55,10,109,0,795226000,-365527000,1295014000,654413000,0,5779301000,3289915000,3015188000,757976000,5021325000,5779301000,2773718000,0,4.15,66997590.36,0.0759
HRS,Harris Corporation,reports,Information Technology,Telecommunications Equipment,"Melbourne, Florida",9/22/2008,202058,1816000000,-17000000,-106000000,10,-148000000,0,21,481000000,20000000,124000000,3348000000,140,502000000,12000000,244000000,607000000,477000000,-23000000,0,1165000000,6348000000,34,1735000000,143000000,1775000000,130000000,1015000000,0,30000000,5053000000,0,5000000,0,2729000000,-80000000,854000000,2373000000,-3284000000,334000000,190000000,334000000,334000000,1255000000,46000000,713000000,14,154000000,432000000,295000000,2015000000,-55000000,-3136000000,2386000000,53000000,0,9,14,7,95,0,1258000000,-103000000,976000000,163000000,0,13127000000,3183000000,2274000000,3397000000,9725000000,13122000000,5083000000,0,3.15,106031746,0.1791
HPE,Hewlett Packard Enterprise,reports,Information Technology,"Technology Hardware, Storage & Peripherals","Palo Alto, California",11/2/2015,1645590,13718000000,690000000,2737000000,10,-3280000000,35248000000,58,12987000000,34000000,17000000,35507000000,128,0,0,3775000000,4079000000,4079000000,0,-76000000,9636000000,24178000000,29,14616000000,918000000,1084000000,0,1774000000,-71000000,637000000,12608000000,15864000000,70000000,0,170000000,3145000000,4958000000,-2232000000,419000000,3161000000,-1488000000,3161000000,3085000000,9832000000,1414000000,4150000000,8,0,4324000000,5281000000,-6599000000,0,3770000000,13022000000,-1851000000,755000000,8,13,6,120,2298000000,2782000000,-2543000000,8419000000,3532000000,0,79679000000,28917000000,22531000000,31448000000,48231000000,79679000000,50123000000,0,1.84,1717934783,0.5223
HPQ,HP Inc.,reports,Information Technology,Computer Hardware,"Palo Alto, California",12/31/1974,47217,17811000000,565000000,0,64,-433000000,1030000000,33,6288000000,-291000000,17000000,39240000000,98,0,0,332000000,3761000000,3761000000,0,0,1736000000,5622000000,19,8998000000,1095000000,0,0,4484000000,7000000,877000000,6758000000,0,0,0,-2087000000,-11145000000,3230000000,-14423000000,48000000,2496000000,739000000,2496000000,2666000000,4114000000,205000000,3549000000,7,3184000000,3582000000,919000000,-1438000000,-10375000000,474000000,7333000000,-1488000000,16000000,8,97,5,74,1209000000,-3498000000,-1113000000,4019000000,78000000,0,29010000000,18468000000,18808000000,-3889000000,32899000000,29010000000,48238000000,0,1.44,1733333333,0.2533
INTC,Intel Corp.,reports,Information Technology,Semiconductors,"Santa Clara, California",12/31/1976,50863,12030000000,65000000,0,16,-9625000000,0,84,5560000000,119000000,25373000000,23196000000,175,0,1730000000,7790000000,12936000000,12936000000,0,506000000,36171000000,14099000000,61,36191000000,2620000000,9494000000,0,5553000000,-38000000,-31000000,20649000000,10896000000,0,882000000,1219000000,-9748000000,21808000000,-5739000000,-25817000000,10316000000,3034000000,10316000000,10822000000,4690000000,1886000000,12874000000,22,7159000000,8166000000,3638000000,106000000,-675000000,-16154000000,3538000000,515000000,294000000,22,20,17,148,12740000000,40747000000,-1479000000,8397000000,4634000000,11539000000,1.13E+11,35508000000,20302000000,66226000000,47101000000,1.13E+11,59387000000,0,0,0,0.0528
IBM,International Business Machines,reports,Information Technology,IT Consulting & Other Services,"Armonk, New York",1/0/1900,51143,16788000000,812000000,724000000,92,-3579000000,0,24,7686000000,133000000,53262000000,41057000000,124,4822000000,3771000000,3855000000,16413000000,15945000000,-473000000,0,10727000000,32021000000,50,40684000000,2581000000,3487000000,468000000,1551000000,-629000000,59000000,33428000000,15200000000,162000000,0,19000000,-790000000,17008000000,-9166000000,-8159000000,13190000000,2407000000,13190000000,13364000000,28554000000,0,15689000000,19,1734000000,4205000000,11021000000,-29607000000,0,-3952000000,24603000000,-3448000000,0,20,112,16,120,5247000000,1.46E+11,-4287000000,19748000000,6461000000,508000000,1.1E+11,42504000000,34269000000,14262000000,96233000000,1.1E+11,81741000000,-1.56E+11,13.48,978486646.9,0.2061
INTU,Intuit Inc.,reports,Information Technology,Internet Software & Services,"Mountain View, California",12/5/2000,896878,473000000,24000000,1000000,16,-142000000,4007000000,97,808000000,0,3000000,695000000,147,5000000,152000000,231000000,739000000,712000000,-26000000,0,682000000,1266000000,83,3497000000,299000000,87000000,27000000,0,156000000,453000000,500000000,27000000,0,0,0,-41000000,1504000000,-1337000000,-182000000,365000000,458000000,365000000,413000000,406000000,148000000,738000000,18,341000000,457000000,1271000000,-30000000,-1000000,-196000000,240000000,-27000000,42000000,17,31,9,147,798000000,6027000000,-1138000000,1771000000,0,889000000,4968000000,2560000000,1744000000,2332000000,2636000000,4968000000,4192000000,-7675000000,1.3,280769230.8,0.1876
JNPR,Juniper Networks,reports,Information Technology,Networking Equipment,"Sunnyvale, California",1/0/1900,1043604,679100000,-218900000,-59800000,14,-210300000,8334800000,108,1420900000,0,0,1779200000,162,0,345200000,176500000,852200000,852200000,-21100000,0,1021000000,2981300000,63,3078600000,218500000,33900000,0,0,-304200000,164800000,1648800000,1244200000,0,0,595000000,-218700000,892500000,-581400000,-508700000,633700000,179900000,633700000,633700000,780700000,-600000,912000000,19,426400000,183700000,822900000,-19200000,0,5800000,248900000,-43500000,0,18,19,13,162,994500000,-3741200000,-1032400000,1172700000,299900000,527100000,8619200000,2912400000,1801900000,4574400000,4044800000,8619200000,4857800000,0,1.62,391172839.5,0.0239
KLAC,KLA-Tencor Corp.,reports,Information Technology,Semiconductor Equipment,"Milpitas, California",1/0/1900,319201,103342000,-118520000,-121200000,87,-45791000,474216000,238,838025000,27500000,158000,1215229000,390,78648000,47145000,80536000,540140000,434131000,-13991000,0,314591000,335263000,57,1598820000,67973000,11895000,106009000,617904000,964012000,90999000,3173435000,0,0,0,2308789000,207164000,605906000,-1302972000,918221000,366158000,147330000,366158000,234489000,821747000,0,661340000,24,181039000,77814000,881440000,-40573000,-30229000,0,182230000,11903000,0,15,103,13,328,530616000,-12362000,-555880000,406864000,16981000,1549086000,4826012000,3904576000,1001763000,421439000,4404573000,4826012000,2814049000,0,2.26,162016814.2,0.1345
LRCX,Lam Research,reports,Information Technology,Semiconductor Equipment,"Fremont, California",6/29/2012,707549,949641000,-294155000,-47189000,13,-198265000,5366773000,155,1501539000,-207462000,159000,2974976000,238,0,0,315470000,740850000,740850000,-9017000,0,621418000,1387509000,43,2284336000,85273000,728140000,0,943346000,-952240000,133256000,1001382000,0,0,241808000,990710000,48862000,785503000,378472000,-1106096000,655577000,235313000,655577000,655577000,1093582000,79444000,788039000,15,356732000,157435000,322070000,-57796000,-660000,44409000,386953000,-52496000,0,14,15,12,202,825242000,4096855000,-506917000,591611000,1359650000,2574947000,9364648000,6270849000,2631361000,5103144000,4261504000,9364648000,5259312000,-4302847000,4.11,159507785.9,0.3312
LLTC,Linear Technology Corp.,reports,Information Technology,Semiconductors,"Milpitas, California",0,791907,136058000,-5924000,2690000,33,-62560000,2052250000,658,195679000,-8551000,240000,355727000,866,0,85612000,54098000,685389000,685389000,0,0,287742000,0,76,1119412000,164426000,11585000,0,99861000,-151261000,-14792000,0,0,0,0,0,38356000,598919000,-346742000,-213821000,520963000,56941000,520963000,520963000,227757000,0,682699000,46,0,54412000,46860000,561000,0,0,37622000,-3816000,0,46,43,35,812,266761000,-475124000,-83528000,169952000,0,1007043000,1884079000,1584752000,182918000,1577927000,306152000,1884079000,1475139000,0,2.13,244583568.1,0.4680
MA,Mastercard Inc.,reports,Information Technology,Internet Software & Services,"Harrison, New York",7/18/2008,1141391,4101000000,-133000000,-59000000,63,-177000000,4004000000,130,7183000000,0,0,0,175,317000000,79000000,1130000000,5019000000,4958000000,-260000000,0,675000000,1891000000,100,9667000000,1150000000,803000000,61000000,0,210000000,125000000,3268000000,0,34000000,0,1735000000,610000000,4043000000,-2458000000,-715000000,3808000000,-75000000,3808000000,3808000000,2147000000,61000000,5078000000,53,1580000000,663000000,2168000000,-676000000,-17000000,-748000000,572000000,-812000000,366000000,51,82,39,175,0,16222000000,-3491000000,4162000000,0,991000000,16250000000,10984000000,6269000000,6028000000,10222000000,16250000000,9667000000,-13522000000,3.36,1133333333,0.0604
MCHP,Microchip Technology,reports,Information Technology,Semiconductors,"Chandler, Arizona",9/7/2007,827054,187844000,-15893000,-17362000,18,-149472000,999515000,553,607815000,25517000,202000,917472000,753,0,381192000,305501000,407941000,345907000,-201000,-317000,581572000,571271000,57,1229564000,-19418000,504417000,62034000,279456000,105652000,-15662000,1826858000,383326000,16372000,0,401727000,141212000,721182000,98548000,-678317000,369009000,59291000,369009000,368692000,344982000,2840000,425620000,20,75510000,81310000,166128000,11076000,-19504000,-634497000,157665000,-2897000,176746000,16,17,17,674,349543000,1549540000,34433000,274815000,0,1351054000,4780713000,2664617000,353972000,2044654000,2736059000,4780713000,2147036000,-515679000,1.84,200548369.6,0.3783
MU,Micron Technology,reports,Information Technology,Semiconductors,"Boise, Idaho",9/27/1994,723125,2611000000,393000000,-18000000,24,-4021000000,7474000000,90,2287000000,116000000,108000000,10977000000,220,597000000,0,2805000000,2980000000,2609000000,-121000000,447000000,10554000000,0,32,5215000000,157000000,449000000,371000000,2340000000,-2220000000,-707000000,6252000000,3492000000,937000000,49000000,-117000000,-1863000000,5208000000,-718000000,-6232000000,2899000000,-170000000,2899000000,2899000000,2507000000,3000000,2998000000,19,455000000,228000000,205000000,13000000,68000000,9000000,698000000,-128000000,0,16,21,18,160,1540000000,5588000000,-669000000,674000000,1089000000,1234000000,24143000000,8596000000,3905000000,12302000000,11841000000,24143000000,16192000000,-881000000,2.71,1069741697,0.5480
MSFT,Microsoft Corp.,reports,Information Technology,Systems Software,"Redmond, Washington",6/1/1994,789019,12385000000,1456000000,346000000,15,-5944000000,0,194,5595000000,-272000000,68465000000,33038000000,247,0,3390000000,5957000000,18507000000,18507000000,-73000000,0,14731000000,16939000000,65,60542000000,6314000000,4835000000,0,2902000000,-12868000000,-79000000,27808000000,12053000000,0,0,13661000000,-3074000000,29668000000,-9668000000,-23001000000,12193000000,10005000000,12193000000,12193000000,17908000000,10011000000,18161000000,19,3117000000,5461000000,29778000000,2522000000,362000000,-4189000000,13544000000,408000000,0,20,23,13,241,12046000000,9096000000,-13809000000,20324000000,7484000000,90931000000,1.74E+11,1.23E+11,49647000000,80083000000,94389000000,1.74E+11,93580000000,0,1.49,8183221477,0.12
MSI,Motorola Solutions Inc.,reports,Information Technology,Telecommunications Equipment,"Schaumburg, Illinois",1/0/1900,68505,0,0,0,0,0,0,0,0,0,0,0,0,0,0,0,0,0,0,0,0,0,0,0,0,0,0,0,0,0,0,0,0,0,0,0,0,0,0,0,0,0,0,0,0,0,0,0,0,0,0,0,0,0,0,0,0,0,0,0,0,0,0,0,0,0,0,0,0,0,0,0,0,0,0,0,0.2109
NTAP,NetApp,reports,Information Technology,Internet Software & Services,"Sunnyvale, California",1/0/1900,1002047,985000000,75000000,-3000000,16,-175000000,0,197,1922000000,-24000000,3385000000,2290000000,250,0,1473000000,307000000,713000000,713000000,-59000000,0,1030000000,1027000000,63,3833000000,153000000,90000000,0,146000000,-645000000,94000000,1487000000,0,0,0,495000000,-369000000,1268000000,-675000000,-903000000,560000000,236000000,560000000,560000000,779000000,0,716000000,12,481000000,522000000,1724000000,-24000000,-9000000,-83000000,318000000,20000000,0,12,21,9,245,920000000,53000000,-1008000000,2197000000,0,3404000000,9401000000,6773000000,2709000000,3414000000,5987000000,9401000000,6123000000,0,1.77,316384180.8,0.3294
NFLX,Netflix Inc.,reports,Information Technology,Internet Software & Services,"Los Gatos, California",12/20/2010,1065280,393880000,0,-31225000,6,-91248000,0,65,1809330000,0,1324809000,4591476000,154,0,0,3547045000,274601000,141885000,-15924000,0,173412000,0,32,2188035000,19244000,4312817000,132716000,0,-8074000,172560000,2371362000,0,0,0,1500000000,695722000,-749439000,1640277000,-179192000,122641000,-4592012000,122641000,122641000,0,0,305826000,5,284802000,3121125000,3135744000,-43308000,-545000,-79870000,2078459000,327000,0,2,6,2,154,650788000,941925000,60351000,1231421000,0,501385000,10202871000,5431840000,3529624000,2223426000,7979445000,10202871000,6779511000,0,0.29,422900000,0.0823
NVDA,Nvidia Corporation,reports,Information Technology,Semiconductors,"Santa Clara, California",1/0/1900,1045810,896000000,-49000000,42000000,14,-122000000,3855000000,516,497000000,-95000000,1000000,2083000000,638,0,0,248000000,801000000,755000000,0,0,557000000,618000000,56,2599000000,124000000,222000000,46000000,483000000,-625000000,-63000000,1398000000,0,0,0,-3000000,-655000000,906000000,-834000000,-727000000,631000000,230000000,631000000,631000000,537000000,0,759000000,16,91000000,70000000,0,8000000,-3000000,20000000,489000000,4000000,0,16,17,13,584,1360000000,3949000000,-660000000,480000000,0,4126000000,7201000000,5713000000,896000000,4418000000,2783000000,7201000000,4682000000,-3395000000,1.14,553508771.9,2.2384
ORCL,Oracle Corp.,reports,Information Technology,Application Software,"Redwood Shores, California",8/31/1989,1341439,0,0,0,0,0,0,0,0,0,0,0,0,0,0,0,0,0,0,0,0,0,0,0,0,0,0,0,0,0,0,0,0,0,0,0,0,0,0,0,0,0,0,0,0,0,0,0,0,0,0,0,0,0,0,0,0,0,0,0,0,0,0,0,0,0,0,0,0,0,0,0,0,0,0,0,0.0525
PAYX,Paychex Inc.,reports,Information Technology,Internet Software & Services,"Penfield, New York",0,723531,262100000,-29800000,6400000,38,-102800000,880100000,105,4443400000,0,3600000,0,111,0,1800000,182800000,1060000000,1060000000,0,0,353900000,561500000,100,2739600000,385100000,32400000,0,0,-300900000,51100000,0,399800000,0,0,0,17500000,895200000,-592700000,-285000000,674900000,28600000,674900000,674900000,214500000,0,1053600000,38,31700000,63700000,4310900000,7500000,141500000,118700000,107200000,-12400000,0,39,59,25,111,0,894300000,-182400000,1686000000,0,366600000,6467500000,5088200000,4573000000,1785500000,4682000000,6467500000,2739600000,0,1.86,362849462.4,0.1510
PYPL,PayPal,reports,Information Technology,Data Processing & Outsourced Services,"San Jose, California",7/20/2015,1633917,1356000000,113000000,27000000,9,-722000000,13100000000,25,1393000000,0,0,0,152,0,1505000000,608000000,1488000000,1488000000,-44000000,0,1344000000,4069000000,100,9248000000,260000000,358000000,0,0,-6117000000,258000000,0,2348000000,0,0,-862000000,-808000000,2546000000,4728000000,-8038000000,1228000000,1216000000,1228000000,1228000000,16582000000,48000000,1461000000,16,114000000,655000000,0,-9000000,-18000000,-1199000000,0,-877000000,608000000,16,11,13,152,792000000,668000000,3933000000,6339000000,12261000000,2018000000,28881000000,20648000000,13617000000,13759000000,15122000000,28881000000,9248000000,0,1,1228000000,0.0903
QRVO,Qorvo,reports,Information Technology,Semiconductors,"Greensboro, North Carolina",6/11/2015,1604778,314339000,-30369000,196000,3,-169862000,0,167,299814000,10423000,6584247000,1021658000,461,0,310189000,216992000,122662000,121241000,-868000,0,883371000,2140586000,40,689308000,-75062000,2307229000,1421000,346900000,-126252000,-11906000,0,4083000,0,0,-87503000,127916000,305624000,-112898000,-63942000,196303000,-49435000,196303000,196303000,529854000,0,122466000,7,57005000,78707000,10971000,-124000,-34550000,232172000,83720000,-26384000,0,7,2,11,354,257494000,-410963000,-4802000,309348000,0,244830000,6892379000,1500105000,325310000,6173160000,719219000,6892379000,1710966000,0,2.17,90462211.98,0.0359
QCOM,QUALCOMM Inc.,reports,Information Technology,Semiconductors,"San Diego, California",1/0/1900,804328,2161000000,550000000,815000000,17,-994000000,0,284,7560000000,93000000,0,10378000000,362,1453000000,2496000000,1214000000,6591000000,6487000000,-20000000,0,2534000000,5479000000,59,14903000000,1219000000,3742000000,104000000,1492000000,178000000,-1797000000,9969000000,13626000000,-7000000,0,10937000000,-347000000,5506000000,-2261000000,-3572000000,5271000000,971000000,5271000000,5268000000,2599000000,0,5776000000,23,1863000000,687000000,2939000000,195000000,38000000,-2756000000,817000000,-793000000,0,26,21,21,338,5490000000,31226000000,-10459000000,3637000000,1000000000,9761000000,50796000000,22099000000,6100000000,31421000000,19375000000,50796000000,25281000000,0,3.26,1616871166,0.3042
RHT,Red Hat Inc.,reports,Information Technology,Systems Software,"Raleigh, North Carolina",7/27/2009,1087423,284802000,-48404000,9938000,15,-41553000,2162264000,78,927778000,0,23000,309629000,120,111456000,449636000,109260000,297986000,274865000,-16113000,0,166886000,1027277000,85,1742601000,75500000,146071000,23121000,0,-327313000,322933000,723942000,786470000,0,0,-1843000,-119695000,716092000,-307566000,-512108000,199365000,156979000,199365000,199365000,509715000,0,288048000,14,44506000,153798000,1274375000,-74449000,0,-143242000,87912000,-24041000,0,13,21,10,120,413322000,1099738000,-325954000,1041231000,0,281142000,4155099000,1872433000,1559177000,1334432000,2820667000,4155099000,2052230000,-1853144000,1.09,182903669.7,-0.1583
CRM,Salesforce.com,reports,Information Technology,Internet Software & Services,"San Francisco, California",9/15/2008,1108524,1103335000,-544610000,5785000,7,-290454000,4604485000,23,908117000,0,651000,1289270000,80,162796000,34681000,745558000,-139848000,-213085000,-38391000,0,1125866000,3782660000,76,4084316000,49603000,433398000,73237000,0,-542782000,958803000,1370692000,1070629000,0,0,-342200000,126482000,1173714000,-310481000,-698360000,-262688000,551736000,-262688000,-262688000,1905506000,0,-145633000,3,575234000,613609000,3286768000,-24108000,0,134876000,894468000,-275085000,0,4,5,5,80,792917000,-605845000,308989000,3437032000,0,87312000,10665127000,3514544000,4390103000,3975183000,6689944000,10665127000,5373586000,0,-0.42,625447619,-0.1267
STX,Seagate Technology,reports,Information Technology,Computer Storage & Peripherals,"Dublin, Ireland",7/2/2012,1137789,2343000000,45000000,119000000,58,-747000000,5734000000,106,2479000000,29000000,0,9930000000,238,496000000,0,841000000,2177000000,1970000000,-20000000,0,2278000000,874000000,28,3809000000,228000000,370000000,207000000,993000000,18000000,-210000000,4155000000,0,0,0,170000000,-155000000,2647000000,-1495000000,-1287000000,1742000000,206000000,1742000000,1742000000,1857000000,32000000,2058000000,15,259000000,233000000,0,-30000000,-12000000,-558000000,329000000,-6000000,129000000,14,65,13,195,1353000000,-2686000000,-989000000,237000000,0,6000000,9845000000,5568000000,2343000000,3018000000,6827000000,9845000000,13739000000,0,5.38,323791821.6,0.0411
SWKS,Skyworks Solutions,reports,Information Technology,Semiconductors,"Woburn, Massachusetts",3/12/2015,4127,372600000,-222200000,500000,25,-430100000,2495200000,225,1043600000,3600000,47600000,1703900000,413,56300000,0,195800000,1023600000,1023600000,0,0,826400000,856700000,48,1554500000,225300000,45000000,0,267900000,0,196500000,0,0,0,0,0,237800000,992800000,-300300000,-454700000,798300000,60000000,798300000,798300000,538000000,3400000,1023100000,31,20300000,65200000,91300000,-8200000,0,-24600000,96300000,-39200000,33500000,31,32,24,355,303200000,1469200000,-234500000,191300000,0,0,3719400000,1914700000,463900000,3159200000,560200000,3719400000,3258400000,-844600000,4.21,189619952.5,-0.0282
SYMC,Symantec Corp.,reports,Information Technology,Application Software,"Mountain View, California",3/25/2003,849399,448000000,-35000000,25000000,15,-303000000,0,87,2843000000,0,6101000000,727000000,122,0,752000000,355000000,179000000,101000000,-180000000,0,950000000,3146000000,82,3229000000,-8000000,525000000,78000000,0,-734000000,-528000000,1746000000,10000000,0,0,-21000000,-833000000,1312000000,-811000000,-1154000000,878000000,-669000000,878000000,109000000,852000000,164000000,154000000,4,3180000000,710000000,3655000000,104000000,-3000000,-117000000,347000000,16000000,87000000,3,2,22,122,812000000,-270000000,-384000000,2012000000,350000000,1017000000,13233000000,5422000000,4453000000,5935000000,7298000000,13233000000,3956000000,0,1.27,691338582.7,0.1376
TEL,TE Connectivity Ltd.,reports,Information Technology,Electronic Manufacturing Services,"Schaffhausen, Switzerland",10/17/2011,1385157,0,116000000,-613000000,24,-628000000,1801000000,21,647000000,16000000,168000000,8205000000,156,2111000000,207000000,585000000,1289000000,1162000000,7000000,0,3052000000,5492000000,33,4033000000,-779000000,1879000000,127000000,1596000000,0,-1842000000,3739000000,12000000,0,0,181000000,-2682000000,1922000000,-3030000000,-1581000000,2009000000,808000000,2009000000,1941000000,2046000000,24000000,1902000000,16,287000000,486000000,208000000,-542000000,-5000000,-953000000,2111000000,327000000,0,9,14,16,104,644000000,8682000000,-2697000000,1463000000,331000000,0,17608000000,4775000000,3066000000,8485000000,9123000000,17608000000,12238000000,-1624000000,5.49,365938069.2,0.0722
TDC,Teradata Corp.,reports,Information Technology,Application Software,"Miamisburg, Ohio",10/1/2007,816761,216000000,1000000,60000000,25,-52000000,1128000000,88,839000000,-11000000,1000000,1254000000,182,41000000,43000000,170000000,-135000000,-144000000,-20000000,0,143000000,380000000,50,1276000000,70000000,212000000,9000000,49000000,85000000,16000000,570000000,0,0,0,313000000,5000000,401000000,-324000000,-52000000,-214000000,436000000,-214000000,-214000000,580000000,478000000,-195000000,8,20000000,266000000,527000000,-76000000,18000000,-85000000,115000000,3000000,0,6,17,8,177,228000000,-204000000,-657000000,765000000,210000000,0,2530000000,1734000000,953000000,849000000,1681000000,2530000000,2530000000,0,-1.53,139869281,0.0283
TXN,Texas Instruments,reports,Information Technology,Semiconductors,"Dallas, Texas",1/0/1900,97476,1555000000,77000000,32000000,30,-551000000,1629000000,126,1000000000,93000000,1741000000,5440000000,277,201000000,413000000,1133000000,4306000000,4216000000,0,0,2596000000,4362000000,58,7560000000,1230000000,1629000000,90000000,1691000000,125000000,-170000000,3120000000,221000000,0,0,-502000000,-199000000,4268000000,-4165000000,-302000000,2986000000,146000000,2986000000,2986000000,1165000000,258000000,4274000000,33,147000000,1000000000,0,-532000000,-3000000,124000000,196000000,3000000,0,32,42,23,211,1280000000,31176000000,-2299000000,1748000000,1000000000,2218000000,16230000000,7074000000,2555000000,9946000000,6284000000,16230000000,13000000000,-24068000000,2.86,1044055944,0.3313
TSS,Total System Services,reports,Information Technology,Internet Software & Services,"Columbus, Georgia",1/2/2008,721683,118807000,-39218000,-37219000,20,-54640000,241891000,115,389328000,0,20277000,1855181000,260,5598000,216470000,260502000,496888000,496888000,-7111000,22106000,289898000,1545424000,33,924360000,151364000,981201000,0,0,-1686000,-29853000,1383634000,106118000,5664000,23410000,-52807000,100145000,600194000,-290754000,-202184000,369041000,48220000,364044000,367630000,339375000,0,534107000,19,97159000,154199000,166579000,-33544000,0,-145858000,96886000,-8498000,0,18,27,13,260,0,2256058000,-183599000,390253000,53832000,0,3908300000,882902000,339218000,1843018000,2065282000,3908300000,2779541000,-641664000,1.98,186384343.4,-0.0154
VRSN,Verisign Inc.,reports,Information Technology,Internet Software & Services,"Dulles, Virginia",1/0/1900,1014473,188171000,661000,-10665000,35,-40656000,17558822000,127,228659000,0,323000,192788000,131,17361000,575053000,73783000,595281000,487650000,246000,0,295570000,52527000,82,866578000,112414000,0,107631000,0,-452302000,92001000,1235354000,0,0,0,492237000,37051000,651482000,-117778000,-496899000,375236000,29201000,375236000,375236000,12638000,0,605946000,57,24355000,39856000,680483000,-3993000,0,-3941000,114797000,80600000,0,46,46,35,131,63718000,-18625599000,-628479000,196914000,634326000,1686771000,2357737000,1967924000,1502980000,-1070447000,3428184000,2357737000,1059366000,0,3.29,114053495.4,-0.1292
V,Visa Inc.,reports,Information Technology,Internet Software & Services,"San Francisco, California",12/21/2009,1403161,3005000000,326000000,556000000,18,-523000000,17395000000,124,6646000000,0,0,2226000000,178,0,6033000000,502000000,8439000000,8012000000,-34000000,0,2150000000,15066000000,85,12856000000,2021000000,27234000000,427000000,0,-1311000000,-29000000,15882000000,3931000000,0,0,15924000000,2101000000,5574000000,7477000000,-10916000000,5991000000,2607000000,5991000000,5991000000,2508000000,2000000,7883000000,52,1341000000,1840000000,2957000000,-492000000,0,-9082000000,1162000000,-3823000000,502000000,53,24,40,178,0,10462000000,-7062000000,4469000000,2084000000,3319000000,64035000000,14313000000,8046000000,32912000000,31123000000,64035000000,15082000000,-170000000,0,0,0.006
WDC,Western Digital,reports,Information Technology,Computer Storage & Peripherals,"Irvine, California",7/1/2009,106040,2831000000,458000000,15000000,16,-612000000,2428000000,163,5024000000,-143000000,3000000,10351000000,263,0,0,1114000000,1626000000,1577000000,0,0,2965000000,2766000000,29,4221000000,112000000,332000000,49000000,1368000000,-84000000,-1005000000,2149000000,0,0,0,130000000,220000000,2242000000,-1069000000,-953000000,1465000000,256000000,1465000000,1465000000,1532000000,0,1611000000,11,594000000,327000000,0,-20000000,-64000000,-257000000,564000000,97000000,0,11,17,10,221,1646000000,9107000000,-758000000,964000000,407000000,262000000,15170000000,8513000000,3238000000,9219000000,5951000000,15170000000,14572000000,-2299000000,6.31,232171156.9,0.1315
WU,Western Union Co,reports,Information Technology,Internet Software & Services,"Englewood, Colorado",1/0/1900,1365135,1090700000,0,300000,60,-94400000,566500000,16,1315900000,0,5000000,3199400000,57,0,0,270200000,1109700000,941800000,0,0,231800000,3163800000,42,2284300000,104000000,705000000,167900000,0,-19900000,46700000,0,0,0,0,-500000000,-467300000,1071100000,-1252000000,-286400000,837800000,23800000,837800000,837800000,0,0,1109400000,20,733700000,3308700000,3737700000,-143900000,0,-172100000,0,-107400000,0,17,67,15,57,0,977300000,-435500000,1174900000,3225600000,0,9458900000,4624600000,8054000000,1404900000,8054000000,9458900000,5483700000,0,1.63,513987730.1,0.2127
XRX,Xerox Corp.,reports,Information Technology,IT Consulting & Other Services,"Norwalk, Connecticut",1/0/1900,108772,2265000000,408000000,0,5,-251000000,3017000000,26,1368000000,-101000000,1013000000,12782000000,127,0,0,1190000000,412000000,412000000,-88000000,135000000,1491000000,8823000000,29,5263000000,-23000000,1765000000,0,942000000,0,221000000,6382000000,3965000000,43000000,349000000,-370000000,-43000000,1611000000,-2074000000,508000000,474000000,-77000000,474000000,570000000,3634000000,186000000,412000000,2,2088000000,644000000,2004000000,-4642000000,-1000000,759000000,3715000000,-522000000,310000000,2,5,3,109,563000000,9686000000,-1334000000,3792000000,985000000,0,24817000000,6685000000,5254000000,9074000000,15743000000,24817000000,18045000000,0,0.42,1128571429,-0.1787
XLNX,Xilinx Inc,reports,Information Technology,Semiconductors,"San Jose, California",0,743988,321082000,21219000,0,25,-29619000,653882000,343,892572000,2664000,2583000,708823000,409,0,289868000,86936000,755078000,740076000,0,0,301038000,159296000,70,1668521000,91860000,12752000,15002000,231328000,13279000,-40849000,994839000,266902000,0,23947000,0,-81105000,790780000,-884841000,12956000,648216000,86243000,648216000,648216000,326134000,24491000,755078000,32,223026000,74528000,66071000,-11149000,0,29296000,14611000,-13649000,9537000,31,28,27,385,525745000,1966278000,-598345000,353670000,576053000,2410489000,4898065000,3935051000,963206000,2611594000,2286471000,4898065000,2377344000,0,2.44,265662295.1,0.2852
YHOO,Yahoo Inc.,reports,Information Technology,Internet Software & Services,"Sunnyvale, California",0,1011006,1143349000,-39065000,-64682000,15,-554163000,8807273000,459,1631911000,0,959000,2077748000,588,0,13494992000,719892000,-4813176000,-4813176000,-23619000,383571000,1547323000,808114000,58,2890553000,-89598000,347269000,0,0,2446759000,-3427810000,1233485000,34651551000,35883000,0,0,-1032187000,-2383422000,-377258000,1752112000,-4359082000,4692826000,-4359082000,-4347982000,1047504000,4624660000,-4748494000,96,342390000,602792000,134031000,16576031000,-275052000,-140484000,118689000,21842000,79042000,97,17,88,588,1177923000,4570807000,-144641000,1768522000,0,4225112000,45203966000,7507319000,1277380000,29043537000,16160429000,45203966000,4968301000,-911533000,-4.64,939457327.6,0.1626